[
  {
    "Id": "67ef71755387df9c5bb71237",
    "Nombre": "Shiryu",
    "Constelacion": "Drag\u00F3n",
    "Rango": "Bronce",
    "Pais": "China",
    "Edad": 14,
    "HabilidadPrincipal": "C\u00F3lera del Drag\u00F3n",
    "ImagenURL": "https://example.com/dragon.jpg"
  },
  {
    "Id": "67ef8146fa3ae2b433d9360d",
    "Nombre": "Hyoga",
    "Constelacion": "Cisne",
    "Rango": "Caballero de Bronce",
    "Pais": "Rusia",
    "Edad": 14,
    "HabilidadPrincipal": "",
    "ImagenURL": ""
  }
]